Truckstop and Other Lake Wobegon Stories,"By Keillor, Garrison",32152,2023-06-01
What Highly Effective Women Know,"By Conny, Beth Mende, Ehlers, Lesley (ILT), and Ehlers, Lesley",32153,2023-06-02
Solidarity Will Transform the World: Stories of Hope from Catholic Relief Services,"By Korgen, Jeffry Odell",32154,2023-06-03
Family & Friends First Aid for Children,By American Heart Association (COR),32155,2023-06-04
Obama's BlackBerry,"By Hauser, Kasper, Baedeker, Robert (CON), Klein, Dan (CON), Reichmuth, James (CON), and Reichmuth, John (CON)",32156,2023-06-05
The First Time,"By Fleming, Karl, Fleming, Anne T.",32157,2023-06-06
Chatsworth: The Home of the Duke and Duchess of Devonshire,By The Duchess of Devonshire,32158,2023-06-07
Silver Seeds,"By Johnson, Steve (ILT), Fancher, Lou (ILT), Paolilli, Paul, and Brewer, Dan",32159,2023-06-08
Seduce Me in Dreams: A Three Worlds Novel,"By Frank, Jacquelyn",32160,2023-06-09
Ground Force: Garden Handbook: Practical Advice and Projects from the Experts,"By Titchmarsh, Alan, Dimmock, Charlie, and Walsh, Tommy",32161,2023-06-10
In the Footsteps of Robert E. Lee (In the Footsteps Series),"By Johnson, Clint",32162,2023-06-11
The First Deadly Sin,By Lawrence Sanders,32163,2023-06-12
Biscuit's Christmas Eve,"By Young, Mary O'Keefe (ILT), Capucilli, Alyssa Satin, and Schories, Pat (ILT)",32164,2023-06-13
Show me the Honey (Dr. Seuss/Cat in the Hat) (Step into Reading),"By Rabe, Tish and Moroney, Christopher (ILT)",32165,2023-06-14
Murder Most Irish,"By Gorman, Edward",32166,2023-06-15
Black Hills Badlands the Web of the West (Natural World),"By Link, Mike",32167,2023-06-16
"Science and Health with Key to the Scriptures (Authorized, Study Edition)","By Eddy, Mary Baker",32168,2023-06-17
"Divine Soul Mind Body Healing and Transmission System: The Divine Way to Heal You, Humanity, Mother Earth, and All Universes","By Sha, Zhi Gang",32169,2023-06-18
Eyewitness Travel Guide to Istanbul,"By Dorling Kindersley, Inc. (COR)",32170,2023-06-19
A Traveller's History of Turkey,"By Link, Mike",32171,2023-06-20
40 Days and 40 Nights: Taking Time Out for Self-Discovery,"By Segalove, Ilene",32172,2023-06-21
Month of Meals 5: A Menu Planner,"By Williams, Robin A. (EDT)",32173,2023-06-22
Futures Research: New Directions,"By Reading, M.",32174,2023-06-23
Lonely Planet Romania & Moldova (Lonely Planet Travel Guides),"By Williams, Nicola and St Vincent, David",32175,2023-06-24
Home Networking Survival Guide,"By Strom, David",32176,2023-06-25
Chemistry: Principles Of Reaction Student Solutions Manual,"By Eagle, Cassandra T. and Farrar, David G.",32177,2023-06-26
E-Z rules for the federal rules of civil procedure: Including selected statutes,"By Ezon, Jack S",32178,2023-06-27
City Zoo Blizzard Revue,"By Crispin, Barbara and Houghton, Roswitha (ILT)",32179,2023-06-28
Your career in harness racing,"By Lehrman, Steve",32180,2023-06-29
"Steck-Vaughn Pair-It Books Emergent Stage 2: Student Reader Benny's School Trip , Story Book",By Steck-Vaughn (COR),32181,2023-06-30
The Amazing Fish,By Steck-Vaughn (COR),32182,2023-07-01
Two Weeks to a Tighter Tummy,"By Darden, Ellington",32183,2023-07-02
Preserving Family Lands:Essential Tax Strategies for the Landowner,"By Small, Stephen J.",32184,2023-07-03
"Our Media, Not Theirs: The Democratic Struggle against Corporate Media (Open Media Series)","By Nichols, John and McChesney, Robert W.",32185,2023-07-04
"Crisis: 40 Stories Revealing the Personal, Social, and Religious Pain and Trauma of Growing Up Gay in America","By Gold, Mitchell (EDT) and Drucker, Mindy (EDT)",32186,2023-07-05
"Palestinian Democracy and Governance: An Appraisal of the Legislative Council (Washington Institute for Near East Policy Papers, No. 51) (Policy ... (Washington Institute for Near East Policy))","By Schenker, David Kenneth",32187,2023-07-06
Wild Cats (Step into Reading),"By Batten, Mary and Rowe, Michael Langham (ILT)",32188,2023-07-07
Do Your Giving While You Are Living: Inspirational Lessons on What You Can Do Today to Make a Difference Tomorrow,"By Fraser, Edie and Spizman, Robyn",32189,2023-07-08
The Definitive Guide to Living In Saudi Arabia,"By McMaster, Brian",32190,2023-07-09
The American Express pocket guide to Paris,"By McIntosh, Christopher",32191,2023-07-10
On Mother's Lap,"By Scott, Ann Herbert and Coalson, Glo (ILT)",32192,2023-07-11
